[
	{
	  "nome":"Giulio",
	  "cognome":"Rossi",
	  "eta": 25,
	  "citta": "Genova"
	},
		{
	  "nome":"Enea",
	  "cognome":"Verdi",
	  "eta": 33,
	  "citta": "Torino"
	},
		{
	  "nome":"Elisa",
	  "cognome":"Bianchi",
	  "eta": 19,
	  "citta": "Roma"
	},
		{
	  "nome":"Mario",
	  "cognome":"Bianchi",
	  "eta": 57,
	  "citta": "Roma"
	},
		{
	  "nome":"Silvio",
	  "cognome":"Gialli",
	  "eta": 28,
	  "citta": "Napoli"
	},
		{
	 "nome":"Marina",
	  "cognome":"Gialli",
	  "eta": 21,
	  "citta": "Napoli"
	}
]